{
    "position": 
    {
        "x": 0.25, 
        "y": -5.5,
        "z": 0.0
    },
    "orientation": 
    {
        "x": 0.0,
        "y": 0.0,
        "z": 0.999972787533,
        "w": 0.00737727546307
    }
}
